{
  "best_lr": 0.0005,
  "best_ws": 64,
  "best_bpb_2min": 2.725862087723566,
  "lr_sweep": {
    "0.0005": 2.7654952058435263,
    "0.0008": 2.7746611760056457,
    "0.001": 2.83745658217764,
    "0.0015": 3.0184065718399538,
    "0.002": 3.2591640700851596
  },
  "ws_sweep": {
    "64": 2.725862087723566,
    "96": 2.803979393864398,
    "128": 2.750508044307196,
    "160": 2.7564291576015587
  }
}